{
  "descriptive": {
    "sparse": {
      "n_outputs": 30,
      "n_pairs": 435,
      "mean": 0.8529469146125618,
      "std": 0.0900093241384854,
      "median": 0.8837481737136841
    },
    "dense": {
      "n_outputs": 30,
      "n_pairs": 435,
      "mean": 0.4027257900706482,
      "std": 0.15208144466990975,
      "median": 0.4117812514305115
    }
  },
  "naive_welch_t_test": {
    "t": 53.13508943199064,
    "p": 1.0619161422568017e-248
  },
  "mann_whitney_u": {
    "u": 187924.0,
    "p": 6.938124706191102e-140
  },
  "cohens_d": 3.602896490546067,
  "bootstrap_diff_in_means": {
    "point_estimate": 0.4502211245419136,
    "ci_low": 0.35807969408645024,
    "ci_high": 0.5081735205412146,
    "n_iter": 10000
  }
}