{
  "descriptive": {
    "sparse": {
      "n_outputs": 30,
      "n_pairs": 435,
      "mean": 0.8529469146125618,
      "std": 0.0900093241384854,
      "median": 0.8837481737136841
    },
    "dense": {
      "n_outputs": 30,
      "n_pairs": 435,
      "mean": 0.42523518348562306,
      "std": 0.12583807542324368,
      "median": 0.4226151704788208
    }
  },
  "naive_welch_t_test": {
    "t": 57.65830099044112,
    "p": 1.4079203980564438e-284
  },
  "mann_whitney_u": {
    "u": 187873.0,
    "p": 9.815564612915172e-140
  },
  "cohens_d": 3.909598958240175,
  "bootstrap_diff_in_means": {
    "point_estimate": 0.4277117311269387,
    "ci_low": 0.3469429507654631,
    "ci_high": 0.473056030653674,
    "n_iter": 10000
  }
}