{
  "descriptive": {
    "sparse": {
      "n_outputs": 30,
      "n_pairs": 435,
      "mean": 0.6379049138091076,
      "std": 0.3518357119241874,
      "median": 0.8545248508453369
    },
    "dense": {
      "n_outputs": 30,
      "n_pairs": 435,
      "mean": 0.3145106576832718,
      "std": 0.2497698896906201,
      "median": 0.3132790327072143
    }
  },
  "naive_welch_t_test": {
    "t": 15.632129893962384,
    "p": 3.83628037277712e-48
  },
  "mann_whitney_u": {
    "u": 142115.0,
    "p": 1.306059107233423e-37
  },
  "cohens_d": 1.0599576764955743,
  "bootstrap_diff_in_means": {
    "point_estimate": 0.32339425612583583,
    "ci_low": 0.1827960017370596,
    "ci_high": 0.4617675182450798,
    "n_iter": 10000
  }
}